00041570110089,https://s3.amazonaws.com/img.takeoff/manual/20181214-150141-5e7576-806-7510-26031-041570110089.IMG7886.SN5e7576.obj.0.1.jpg,20181214-150141-5e7576-806-7510-26031-041570110089.IMG7886.SN5e7576.obj.0.1.jpg,041570110089
00041570110089,https://s3.amazonaws.com/img.takeoff/manual/20181214-150143-5e7576-806-7510-26032-041570110089.IMG7887.SN5e7576.obj.0.1.jpg,20181214-150143-5e7576-806-7510-26032-041570110089.IMG7887.SN5e7576.obj.0.1.jpg,041570110089
00041570110089,https://s3.amazonaws.com/img.takeoff/manual/20181214-150148-5e7576-806-7510-26033-041570110089.IMG7888.SN5e7576.obj.0.1.jpg,20181214-150148-5e7576-806-7510-26033-041570110089.IMG7888.SN5e7576.obj.0.1.jpg,041570110089
00041570110089,https://s3.amazonaws.com/img.takeoff/manual/20181214-150151-5e7576-806-7510-26034-041570110089.IMG7889.SN5e7576.obj.0.1.jpg,20181214-150151-5e7576-806-7510-26034-041570110089.IMG7889.SN5e7576.obj.0.1.jpg,041570110089
00073420000110,https://s3.amazonaws.com/img.takeoff/manual/20181214-150952-5e7576-806-7511-26035-073420000110.IMG7890.SN5e7576.obj.0.1.jpg,20181214-150952-5e7576-806-7511-26035-073420000110.IMG7890.SN5e7576.obj.0.1.jpg,073420000110
00073420000110,https://s3.amazonaws.com/img.takeoff/manual/20181214-150954-5e7576-806-7511-26036-073420000110.IMG7891.SN5e7576.obj.0.1.jpg,20181214-150954-5e7576-806-7511-26036-073420000110.IMG7891.SN5e7576.obj.0.1.jpg,073420000110
00073420000110,https://s3.amazonaws.com/img.takeoff/manual/20181214-151009-5e7576-806-7511-26037-073420000110.IMG7892.SN5e7576.obj.0.1.jpg,20181214-151009-5e7576-806-7511-26037-073420000110.IMG7892.SN5e7576.obj.0.1.jpg,073420000110
00073420000110,https://s3.amazonaws.com/img.takeoff/manual/20181214-151011-5e7576-806-7511-26038-073420000110.IMG7893.SN5e7576.obj.0.1.jpg,20181214-151011-5e7576-806-7511-26038-073420000110.IMG7893.SN5e7576.obj.0.1.jpg,073420000110
00073420000110,https://s3.amazonaws.com/img.takeoff/manual/20181214-151020-5e7576-806-7511-26039-073420000110.IMG7894.SN5e7576.obj.0.1.jpg,20181214-151020-5e7576-806-7511-26039-073420000110.IMG7894.SN5e7576.obj.0.1.jpg,073420000110
00073420000110,https://s3.amazonaws.com/img.takeoff/manual/20181214-151022-5e7576-806-7511-26040-073420000110.IMG7895.SN5e7576.obj.0.1.jpg,20181214-151022-5e7576-806-7511-26040-073420000110.IMG7895.SN5e7576.obj.0.1.jpg,073420000110
00073420000158,https://s3.amazonaws.com/img.takeoff/manual/20181214-151058-5e7576-806-7512-26041-073420000158.IMG7896.SN5e7576.obj.0.1.jpg,20181214-151058-5e7576-806-7512-26041-073420000158.IMG7896.SN5e7576.obj.0.1.jpg,073420000158
00073420000158,https://s3.amazonaws.com/img.takeoff/manual/20181214-151100-5e7576-806-7512-26042-073420000158.IMG7897.SN5e7576.obj.0.1.jpg,20181214-151100-5e7576-806-7512-26042-073420000158.IMG7897.SN5e7576.obj.0.1.jpg,073420000158
00073420000158,https://s3.amazonaws.com/img.takeoff/manual/20181214-151106-5e7576-806-7512-26043-073420000158.IMG7898.SN5e7576.obj.0.1.jpg,20181214-151106-5e7576-806-7512-26043-073420000158.IMG7898.SN5e7576.obj.0.1.jpg,073420000158
00073420000158,https://s3.amazonaws.com/img.takeoff/manual/20181214-151108-5e7576-806-7512-26044-073420000158.IMG7899.SN5e7576.obj.0.1.jpg,20181214-151108-5e7576-806-7512-26044-073420000158.IMG7899.SN5e7576.obj.0.1.jpg,073420000158
00073420000158,https://s3.amazonaws.com/img.takeoff/manual/20181214-151114-5e7576-806-7512-26045-073420000158.IMG7900.SN5e7576.obj.0.1.jpg,20181214-151114-5e7576-806-7512-26045-073420000158.IMG7900.SN5e7576.obj.0.1.jpg,073420000158
00073420000158,https://s3.amazonaws.com/img.takeoff/manual/20181214-151119-5e7576-806-7512-26046-073420000158.IMG7901.SN5e7576.obj.0.1.jpg,20181214-151119-5e7576-806-7512-26046-073420000158.IMG7901.SN5e7576.obj.0.1.jpg,073420000158
00053000038788,https://s3.amazonaws.com/img.takeoff/manual/20181214-151415-5e7576-808-7513-26049-053000038788.IMG7905.SN5e7576.obj.0.1.jpg,20181214-151415-5e7576-808-7513-26049-053000038788.IMG7905.SN5e7576.obj.0.1.jpg,053000038788
00053000038788,https://s3.amazonaws.com/img.takeoff/manual/20181214-151419-5e7576-808-7513-26050-053000038788.IMG7906.SN5e7576.obj.0.1.jpg,20181214-151419-5e7576-808-7513-26050-053000038788.IMG7906.SN5e7576.obj.0.1.jpg,053000038788
00053000038788,https://s3.amazonaws.com/img.takeoff/manual/20181214-151425-5e7576-808-7513-26051-053000038788.IMG7907.SN5e7576.obj.0.1.jpg,20181214-151425-5e7576-808-7513-26051-053000038788.IMG7907.SN5e7576.obj.0.1.jpg,053000038788
00053000038788,https://s3.amazonaws.com/img.takeoff/manual/20181214-151427-5e7576-808-7513-26052-053000038788.IMG7908.SN5e7576.obj.0.1.jpg,20181214-151427-5e7576-808-7513-26052-053000038788.IMG7908.SN5e7576.obj.0.1.jpg,053000038788
00053000068952,https://s3.amazonaws.com/img.takeoff/manual/20181214-151518-5e7576-808-7514-26053-053000068952.IMG7909.SN5e7576.obj.0.1.jpg,20181214-151518-5e7576-808-7514-26053-053000068952.IMG7909.SN5e7576.obj.0.1.jpg,053000068952
00053000068952,https://s3.amazonaws.com/img.takeoff/manual/20181214-151521-5e7576-808-7514-26054-053000068952.IMG7910.SN5e7576.obj.0.1.jpg,20181214-151521-5e7576-808-7514-26054-053000068952.IMG7910.SN5e7576.obj.0.1.jpg,053000068952
00053000068952,https://s3.amazonaws.com/img.takeoff/manual/20181214-151527-5e7576-808-7514-26055-053000068952.IMG7911.SN5e7576.obj.0.1.jpg,20181214-151527-5e7576-808-7514-26055-053000068952.IMG7911.SN5e7576.obj.0.1.jpg,053000068952
00053000068952,https://s3.amazonaws.com/img.takeoff/manual/20181214-151529-5e7576-808-7514-26056-053000068952.IMG7912.SN5e7576.obj.0.1.jpg,20181214-151529-5e7576-808-7514-26056-053000068952.IMG7912.SN5e7576.obj.0.1.jpg,053000068952
00071030250550,https://s3.amazonaws.com/img.takeoff/manual/20181214-151541-5e7576-808-7515-26057-071030250550.IMG7913.SN5e7576.obj.0.1.jpg,20181214-151541-5e7576-808-7515-26057-071030250550.IMG7913.SN5e7576.obj.0.1.jpg,071030250550
00071030250550,https://s3.amazonaws.com/img.takeoff/manual/20181214-151543-5e7576-808-7515-26058-071030250550.IMG7914.SN5e7576.obj.0.1.jpg,20181214-151543-5e7576-808-7515-26058-071030250550.IMG7914.SN5e7576.obj.0.1.jpg,071030250550
00071030250550,https://s3.amazonaws.com/img.takeoff/manual/20181214-151549-5e7576-808-7515-26059-071030250550.IMG7915.SN5e7576.obj.0.1.jpg,20181214-151549-5e7576-808-7515-26059-071030250550.IMG7915.SN5e7576.obj.0.1.jpg,071030250550
00071030250550,https://s3.amazonaws.com/img.takeoff/manual/20181214-151551-5e7576-808-7515-26060-071030250550.IMG7916.SN5e7576.obj.0.1.jpg,20181214-151551-5e7576-808-7515-26060-071030250550.IMG7916.SN5e7576.obj.0.1.jpg,071030250550
00071030250550,https://s3.amazonaws.com/img.takeoff/manual/20181214-151641-5e7576-808-7515-26061-071030250550.IMG7917.SN5e7576.obj.0.1.jpg,20181214-151641-5e7576-808-7515-26061-071030250550.IMG7917.SN5e7576.obj.0.1.jpg,071030250550
00062338797168,https://s3.amazonaws.com/img.takeoff/manual/20181214-160710-5e7576-809-7516-26064-062338797168.IMG7920.SN5e7576.obj.0.1.jpg,20181214-160710-5e7576-809-7516-26064-062338797168.IMG7920.SN5e7576.obj.0.1.jpg,062338797168
00062338797168,https://s3.amazonaws.com/img.takeoff/manual/20181214-160712-5e7576-809-7516-26065-062338797168.IMG7921.SN5e7576.obj.0.1.jpg,20181214-160712-5e7576-809-7516-26065-062338797168.IMG7921.SN5e7576.obj.0.1.jpg,062338797168
00062338797168,https://s3.amazonaws.com/img.takeoff/manual/20181214-160717-5e7576-809-7516-26066-062338797168.IMG7922.SN5e7576.obj.0.1.jpg,20181214-160717-5e7576-809-7516-26066-062338797168.IMG7922.SN5e7576.obj.0.1.jpg,062338797168
00036200381052,https://s3.amazonaws.com/img.takeoff/manual/20181214-160912-5e7576-810-7517-26069-036200381052.IMG7925.SN5e7576.obj.0.1.jpg,20181214-160912-5e7576-810-7517-26069-036200381052.IMG7925.SN5e7576.obj.0.1.jpg,036200381052
00036200381052,https://s3.amazonaws.com/img.takeoff/manual/20181214-160914-5e7576-810-7517-26070-036200381052.IMG7926.SN5e7576.obj.0.1.jpg,20181214-160914-5e7576-810-7517-26070-036200381052.IMG7926.SN5e7576.obj.0.1.jpg,036200381052
00036200381052,https://s3.amazonaws.com/img.takeoff/manual/20181214-160922-5e7576-810-7517-26071-036200381052.IMG7927.SN5e7576.obj.0.1.jpg,20181214-160922-5e7576-810-7517-26071-036200381052.IMG7927.SN5e7576.obj.0.1.jpg,036200381052
00036200381052,https://s3.amazonaws.com/img.takeoff/manual/20181214-160924-5e7576-810-7517-26072-036200381052.IMG7928.SN5e7576.obj.0.1.jpg,20181214-160924-5e7576-810-7517-26072-036200381052.IMG7928.SN5e7576.obj.0.1.jpg,036200381052
00036200381052,https://s3.amazonaws.com/img.takeoff/manual/20181214-160934-5e7576-810-7517-26073-036200381052.IMG7929.SN5e7576.obj.0.1.jpg,20181214-160934-5e7576-810-7517-26073-036200381052.IMG7929.SN5e7576.obj.0.1.jpg,036200381052
00041129077627,https://s3.amazonaws.com/img.takeoff/manual/20181214-161035-5e7576-810-7518-26074-041129077627.IMG7930.SN5e7576.obj.0.1.jpg,20181214-161035-5e7576-810-7518-26074-041129077627.IMG7930.SN5e7576.obj.0.1.jpg,041129077627
00041129077627,https://s3.amazonaws.com/img.takeoff/manual/20181214-161037-5e7576-810-7518-26075-041129077627.IMG7931.SN5e7576.obj.0.1.jpg,20181214-161037-5e7576-810-7518-26075-041129077627.IMG7931.SN5e7576.obj.0.1.jpg,041129077627
00041129077627,https://s3.amazonaws.com/img.takeoff/manual/20181214-161043-5e7576-810-7518-26076-041129077627.IMG7932.SN5e7576.obj.0.1.jpg,20181214-161043-5e7576-810-7518-26076-041129077627.IMG7932.SN5e7576.obj.0.1.jpg,041129077627
00041129077627,https://s3.amazonaws.com/img.takeoff/manual/20181214-161046-5e7576-810-7518-26077-041129077627.IMG7933.SN5e7576.obj.0.1.jpg,20181214-161046-5e7576-810-7518-26077-041129077627.IMG7933.SN5e7576.obj.0.1.jpg,041129077627
00041129077627,https://s3.amazonaws.com/img.takeoff/manual/20181214-161110-5e7576-810-7518-26078-041129077627.IMG7934.SN5e7576.obj.0.1.jpg,20181214-161110-5e7576-810-7518-26078-041129077627.IMG7934.SN5e7576.obj.0.1.jpg,041129077627
00016000409873,https://s3.amazonaws.com/img.takeoff/manual/20181214-162323-5e7576-811-7519-26081-016000409873.IMG7937.SN5e7576.obj.0.1.jpg,20181214-162323-5e7576-811-7519-26081-016000409873.IMG7937.SN5e7576.obj.0.1.jpg,016000409873
00016000409873,https://s3.amazonaws.com/img.takeoff/manual/20181214-162327-5e7576-811-7519-26082-016000409873.IMG7938.SN5e7576.obj.0.1.jpg,20181214-162327-5e7576-811-7519-26082-016000409873.IMG7938.SN5e7576.obj.0.1.jpg,016000409873
00016000409873,https://s3.amazonaws.com/img.takeoff/manual/20181214-162332-5e7576-811-7519-26083-016000409873.IMG7939.SN5e7576.obj.0.1.jpg,20181214-162332-5e7576-811-7519-26083-016000409873.IMG7939.SN5e7576.obj.0.1.jpg,016000409873
00016000409873,https://s3.amazonaws.com/img.takeoff/manual/20181214-162335-5e7576-811-7519-26084-016000409873.IMG7940.SN5e7576.obj.0.1.jpg,20181214-162335-5e7576-811-7519-26084-016000409873.IMG7940.SN5e7576.obj.0.1.jpg,016000409873
00016000409873,https://s3.amazonaws.com/img.takeoff/manual/20181214-162505-5e7576-811-7519-26085-016000409873.IMG7941.SN5e7576.obj.0.1.jpg,20181214-162505-5e7576-811-7519-26085-016000409873.IMG7941.SN5e7576.obj.0.1.jpg,016000409873
00016000409873,https://s3.amazonaws.com/img.takeoff/manual/20181214-162537-5e7576-812-7520-26088-016000409873.IMG7944.SN5e7576.obj.0.1.jpg,20181214-162537-5e7576-812-7520-26088-016000409873.IMG7944.SN5e7576.obj.0.1.jpg,016000409873
00016000409873,https://s3.amazonaws.com/img.takeoff/manual/20181214-162539-5e7576-812-7520-26089-016000409873.IMG7945.SN5e7576.obj.0.1.jpg,20181214-162539-5e7576-812-7520-26089-016000409873.IMG7945.SN5e7576.obj.0.1.jpg,016000409873
00016000409873,https://s3.amazonaws.com/img.takeoff/manual/20181214-162545-5e7576-812-7520-26090-016000409873.IMG7946.SN5e7576.obj.0.1.jpg,20181214-162545-5e7576-812-7520-26090-016000409873.IMG7946.SN5e7576.obj.0.1.jpg,016000409873
00016000409873,https://s3.amazonaws.com/img.takeoff/manual/20181214-162549-5e7576-812-7520-26091-016000409873.IMG7947.SN5e7576.obj.0.1.jpg,20181214-162549-5e7576-812-7520-26091-016000409873.IMG7947.SN5e7576.obj.0.1.jpg,016000409873
00016000409873,https://s3.amazonaws.com/img.takeoff/manual/20181214-162555-5e7576-812-7520-26092-016000409873.IMG7948.SN5e7576.obj.0.1.jpg,20181214-162555-5e7576-812-7520-26092-016000409873.IMG7948.SN5e7576.obj.0.1.jpg,016000409873
00016000409873,https://s3.amazonaws.com/img.takeoff/manual/20181214-162558-5e7576-812-7520-26093-016000409873.IMG7949.SN5e7576.obj.0.1.jpg,20181214-162558-5e7576-812-7520-26093-016000409873.IMG7949.SN5e7576.obj.0.1.jpg,016000409873
00016000409873,https://s3.amazonaws.com/img.takeoff/manual/20181214-162604-5e7576-812-7520-26094-016000409873.IMG7950.SN5e7576.obj.0.1.jpg,20181214-162604-5e7576-812-7520-26094-016000409873.IMG7950.SN5e7576.obj.0.1.jpg,016000409873
00016000409873,https://s3.amazonaws.com/img.takeoff/manual/20181214-162606-5e7576-812-7520-26095-016000409873.IMG7951.SN5e7576.obj.0.1.jpg,20181214-162606-5e7576-812-7520-26095-016000409873.IMG7951.SN5e7576.obj.0.1.jpg,016000409873
00038225000031,https://s3.amazonaws.com/img.takeoff/manual/20181214-162620-5e7576-812-7521-26096-038225000031.IMG7952.SN5e7576.obj.0.1.jpg,20181214-162620-5e7576-812-7521-26096-038225000031.IMG7952.SN5e7576.obj.0.1.jpg,038225000031
00038225000031,https://s3.amazonaws.com/img.takeoff/manual/20181214-162623-5e7576-812-7521-26097-038225000031.IMG7953.SN5e7576.obj.0.1.jpg,20181214-162623-5e7576-812-7521-26097-038225000031.IMG7953.SN5e7576.obj.0.1.jpg,038225000031
00038225000031,https://s3.amazonaws.com/img.takeoff/manual/20181214-162636-5e7576-812-7521-26098-038225000031.IMG7954.SN5e7576.obj.0.1.jpg,20181214-162636-5e7576-812-7521-26098-038225000031.IMG7954.SN5e7576.obj.0.1.jpg,038225000031
00815847000881,https://s3.amazonaws.com/img.takeoff/manual/20181214-173426-5e7576-813-7522-26101-815847000881.IMG7957.SN5e7576.obj.0.1.jpg,20181214-173426-5e7576-813-7522-26101-815847000881.IMG7957.SN5e7576.obj.0.1.jpg,815847000881
00815847000881,https://s3.amazonaws.com/img.takeoff/manual/20181214-173428-5e7576-813-7522-26102-815847000881.IMG7958.SN5e7576.obj.0.1.jpg,20181214-173428-5e7576-813-7522-26102-815847000881.IMG7958.SN5e7576.obj.0.1.jpg,815847000881
00053600001304,https://s3.amazonaws.com/img.takeoff/manual/20181214-194828-5e7576-814-7523-26105-053600001304.IMG7966.SN5e7576.obj.0.1.jpg,20181214-194828-5e7576-814-7523-26105-053600001304.IMG7966.SN5e7576.obj.0.1.jpg,053600001304
00053600001304,https://s3.amazonaws.com/img.takeoff/manual/20181214-194830-5e7576-814-7523-26106-053600001304.IMG7967.SN5e7576.obj.0.1.jpg,20181214-194830-5e7576-814-7523-26106-053600001304.IMG7967.SN5e7576.obj.0.1.jpg,053600001304
00053600001304,https://s3.amazonaws.com/img.takeoff/manual/20181214-194838-5e7576-814-7523-26107-053600001304.IMG7968.SN5e7576.obj.0.1.jpg,20181214-194838-5e7576-814-7523-26107-053600001304.IMG7968.SN5e7576.obj.0.1.jpg,053600001304
00053600001304,https://s3.amazonaws.com/img.takeoff/manual/20181214-194841-5e7576-814-7523-26108-053600001304.IMG7969.SN5e7576.obj.0.1.jpg,20181214-194841-5e7576-814-7523-26108-053600001304.IMG7969.SN5e7576.obj.0.1.jpg,053600001304
00041383090295,https://s3.amazonaws.com/img.takeoff/manual/20181214-194931-5e7576-814-7524-26109-041383090295.IMG7970.SN5e7576.obj.0.1.jpg,20181214-194931-5e7576-814-7524-26109-041383090295.IMG7970.SN5e7576.obj.0.1.jpg,041383090295
00041383090295,https://s3.amazonaws.com/img.takeoff/manual/20181214-194933-5e7576-814-7524-26110-041383090295.IMG7971.SN5e7576.obj.0.1.jpg,20181214-194933-5e7576-814-7524-26110-041383090295.IMG7971.SN5e7576.obj.0.1.jpg,041383090295
00041383090295,https://s3.amazonaws.com/img.takeoff/manual/20181214-194940-5e7576-814-7524-26111-041383090295.IMG7972.SN5e7576.obj.0.1.jpg,20181214-194940-5e7576-814-7524-26111-041383090295.IMG7972.SN5e7576.obj.0.1.jpg,041383090295
00041383090295,https://s3.amazonaws.com/img.takeoff/manual/20181214-194944-5e7576-814-7524-26112-041383090295.IMG7973.SN5e7576.obj.0.1.jpg,20181214-194944-5e7576-814-7524-26112-041383090295.IMG7973.SN5e7576.obj.0.1.jpg,041383090295
00041383090295,https://s3.amazonaws.com/img.takeoff/manual/20181214-194949-5e7576-814-7524-26113-041383090295.IMG7974.SN5e7576.obj.0.1.jpg,20181214-194949-5e7576-814-7524-26113-041383090295.IMG7974.SN5e7576.obj.0.1.jpg,041383090295
00041383090295,https://s3.amazonaws.com/img.takeoff/manual/20181214-194951-5e7576-814-7524-26114-041383090295.IMG7975.SN5e7576.obj.0.1.jpg,20181214-194951-5e7576-814-7524-26114-041383090295.IMG7975.SN5e7576.obj.0.1.jpg,041383090295
00041383090295,https://s3.amazonaws.com/img.takeoff/manual/20181214-194957-5e7576-814-7524-26115-041383090295.IMG7976.SN5e7576.obj.0.1.jpg,20181214-194957-5e7576-814-7524-26115-041383090295.IMG7976.SN5e7576.obj.0.1.jpg,041383090295
00041383090295,https://s3.amazonaws.com/img.takeoff/manual/20181214-195000-5e7576-814-7524-26116-041383090295.IMG7977.SN5e7576.obj.0.1.jpg,20181214-195000-5e7576-814-7524-26116-041383090295.IMG7977.SN5e7576.obj.0.1.jpg,041383090295
00053600101073,https://s3.amazonaws.com/img.takeoff/manual/20181214-195125-5e7576-814-7525-26117-053600101073.IMG7978.SN5e7576.obj.0.1.jpg,20181214-195125-5e7576-814-7525-26117-053600101073.IMG7978.SN5e7576.obj.0.1.jpg,053600101073
00053600101073,https://s3.amazonaws.com/img.takeoff/manual/20181214-195127-5e7576-814-7525-26118-053600101073.IMG7979.SN5e7576.obj.0.1.jpg,20181214-195127-5e7576-814-7525-26118-053600101073.IMG7979.SN5e7576.obj.0.1.jpg,053600101073
00053600101073,https://s3.amazonaws.com/img.takeoff/manual/20181214-195137-5e7576-814-7525-26119-053600101073.IMG7980.SN5e7576.obj.0.1.jpg,20181214-195137-5e7576-814-7525-26119-053600101073.IMG7980.SN5e7576.obj.0.1.jpg,053600101073
00053600101073,https://s3.amazonaws.com/img.takeoff/manual/20181214-195139-5e7576-814-7525-26120-053600101073.IMG7981.SN5e7576.obj.0.1.jpg,20181214-195139-5e7576-814-7525-26120-053600101073.IMG7981.SN5e7576.obj.0.1.jpg,053600101073
00053600101073,https://s3.amazonaws.com/img.takeoff/manual/20181214-195145-5e7576-814-7525-26121-053600101073.IMG7982.SN5e7576.obj.0.1.jpg,20181214-195145-5e7576-814-7525-26121-053600101073.IMG7982.SN5e7576.obj.0.1.jpg,053600101073
00034000307036,https://s3.amazonaws.com/img.takeoff/manual/20181214-195217-5e7576-814-7526-26122-034000307036.IMG7983.SN5e7576.obj.0.1.jpg,20181214-195217-5e7576-814-7526-26122-034000307036.IMG7983.SN5e7576.obj.0.1.jpg,034000307036
00034000307036,https://s3.amazonaws.com/img.takeoff/manual/20181214-195219-5e7576-814-7526-26123-034000307036.IMG7984.SN5e7576.obj.0.1.jpg,20181214-195219-5e7576-814-7526-26123-034000307036.IMG7984.SN5e7576.obj.0.1.jpg,034000307036
00034000307036,https://s3.amazonaws.com/img.takeoff/manual/20181214-195224-5e7576-814-7526-26124-034000307036.IMG7985.SN5e7576.obj.0.1.jpg,20181214-195224-5e7576-814-7526-26124-034000307036.IMG7985.SN5e7576.obj.0.1.jpg,034000307036
00034000307036,https://s3.amazonaws.com/img.takeoff/manual/20181214-195234-5e7576-814-7526-26125-034000307036.IMG7986.SN5e7576.obj.0.1.jpg,20181214-195234-5e7576-814-7526-26125-034000307036.IMG7986.SN5e7576.obj.0.1.jpg,034000307036
00034000307036,https://s3.amazonaws.com/img.takeoff/manual/20181214-195236-5e7576-814-7526-26126-034000307036.IMG7987.SN5e7576.obj.0.1.jpg,20181214-195236-5e7576-814-7526-26126-034000307036.IMG7987.SN5e7576.obj.0.1.jpg,034000307036
00034000308033,https://s3.amazonaws.com/img.takeoff/manual/20181214-195312-5e7576-814-7527-26127-034000308033.IMG7988.SN5e7576.obj.0.1.jpg,20181214-195312-5e7576-814-7527-26127-034000308033.IMG7988.SN5e7576.obj.0.1.jpg,034000308033
00034000308033,https://s3.amazonaws.com/img.takeoff/manual/20181214-195316-5e7576-814-7527-26128-034000308033.IMG7989.SN5e7576.obj.0.1.jpg,20181214-195316-5e7576-814-7527-26128-034000308033.IMG7989.SN5e7576.obj.0.1.jpg,034000308033
00034000308033,https://s3.amazonaws.com/img.takeoff/manual/20181214-195322-5e7576-814-7527-26129-034000308033.IMG7990.SN5e7576.obj.0.1.jpg,20181214-195322-5e7576-814-7527-26129-034000308033.IMG7990.SN5e7576.obj.0.1.jpg,034000308033
00034000308033,https://s3.amazonaws.com/img.takeoff/manual/20181214-195325-5e7576-814-7527-26130-034000308033.IMG7991.SN5e7576.obj.0.1.jpg,20181214-195325-5e7576-814-7527-26130-034000308033.IMG7991.SN5e7576.obj.0.1.jpg,034000308033
00053600000703,https://s3.amazonaws.com/img.takeoff/manual/20181214-195355-5e7576-814-7528-26131-053600000703.IMG7992.SN5e7576.obj.0.1.jpg,20181214-195355-5e7576-814-7528-26131-053600000703.IMG7992.SN5e7576.obj.0.1.jpg,053600000703
00053600000703,https://s3.amazonaws.com/img.takeoff/manual/20181214-195357-5e7576-814-7528-26132-053600000703.IMG7993.SN5e7576.obj.0.1.jpg,20181214-195357-5e7576-814-7528-26132-053600000703.IMG7993.SN5e7576.obj.0.1.jpg,053600000703
00053600000703,https://s3.amazonaws.com/img.takeoff/manual/20181214-195406-5e7576-814-7528-26133-053600000703.IMG7994.SN5e7576.obj.0.1.jpg,20181214-195406-5e7576-814-7528-26133-053600000703.IMG7994.SN5e7576.obj.0.1.jpg,053600000703
00053600000703,https://s3.amazonaws.com/img.takeoff/manual/20181214-195408-5e7576-814-7528-26134-053600000703.IMG7995.SN5e7576.obj.0.1.jpg,20181214-195408-5e7576-814-7528-26134-053600000703.IMG7995.SN5e7576.obj.0.1.jpg,053600000703
00053600000703,https://s3.amazonaws.com/img.takeoff/manual/20181214-195414-5e7576-814-7528-26135-053600000703.IMG7996.SN5e7576.obj.0.1.jpg,20181214-195414-5e7576-814-7528-26135-053600000703.IMG7996.SN5e7576.obj.0.1.jpg,053600000703
00053600000086,https://s3.amazonaws.com/img.takeoff/manual/20181214-195444-5e7576-814-7529-26136-053600000086.IMG7997.SN5e7576.obj.0.1.jpg,20181214-195444-5e7576-814-7529-26136-053600000086.IMG7997.SN5e7576.obj.0.1.jpg,053600000086
00053600000086,https://s3.amazonaws.com/img.takeoff/manual/20181214-195446-5e7576-814-7529-26137-053600000086.IMG7998.SN5e7576.obj.0.1.jpg,20181214-195446-5e7576-814-7529-26137-053600000086.IMG7998.SN5e7576.obj.0.1.jpg,053600000086
00053600000086,https://s3.amazonaws.com/img.takeoff/manual/20181214-195454-5e7576-814-7529-26138-053600000086.IMG7999.SN5e7576.obj.0.1.jpg,20181214-195454-5e7576-814-7529-26138-053600000086.IMG7999.SN5e7576.obj.0.1.jpg,053600000086
00053600000086,https://s3.amazonaws.com/img.takeoff/manual/20181214-195458-5e7576-814-7529-26139-053600000086.IMG8000.SN5e7576.obj.0.1.jpg,20181214-195458-5e7576-814-7529-26139-053600000086.IMG8000.SN5e7576.obj.0.1.jpg,053600000086
00053600000086,https://s3.amazonaws.com/img.takeoff/manual/20181214-195504-5e7576-814-7529-26140-053600000086.IMG8001.SN5e7576.obj.0.1.jpg,20181214-195504-5e7576-814-7529-26140-053600000086.IMG8001.SN5e7576.obj.0.1.jpg,053600000086
00053600000086,https://s3.amazonaws.com/img.takeoff/manual/20181214-195506-5e7576-814-7529-26141-053600000086.IMG8002.SN5e7576.obj.0.1.jpg,20181214-195506-5e7576-814-7529-26141-053600000086.IMG8002.SN5e7576.obj.0.1.jpg,053600000086
00017869703140,https://s3.amazonaws.com/img.takeoff/manual/20181214-195644-5e7576-816-7530-26145-017869703140.IMG8006.SN5e7576.obj.0.1.jpg,20181214-195644-5e7576-816-7530-26145-017869703140.IMG8006.SN5e7576.obj.0.1.jpg,017869703140
00017869703140,https://s3.amazonaws.com/img.takeoff/manual/20181214-195646-5e7576-816-7530-26146-017869703140.IMG8007.SN5e7576.obj.0.1.jpg,20181214-195646-5e7576-816-7530-26146-017869703140.IMG8007.SN5e7576.obj.0.1.jpg,017869703140
00017869703140,https://s3.amazonaws.com/img.takeoff/manual/20181214-195653-5e7576-816-7530-26147-017869703140.IMG8008.SN5e7576.obj.0.1.jpg,20181214-195653-5e7576-816-7530-26147-017869703140.IMG8008.SN5e7576.obj.0.1.jpg,017869703140
00017869703140,https://s3.amazonaws.com/img.takeoff/manual/20181214-195655-5e7576-816-7530-26148-017869703140.IMG8009.SN5e7576.obj.0.1.jpg,20181214-195655-5e7576-816-7530-26148-017869703140.IMG8009.SN5e7576.obj.0.1.jpg,017869703140
00099336003458,https://s3.amazonaws.com/img.takeoff/manual/20181214-195731-5e7576-816-7531-26149-099336003458.IMG8010.SN5e7576.obj.0.1.jpg,20181214-195731-5e7576-816-7531-26149-099336003458.IMG8010.SN5e7576.obj.0.1.jpg,099336003458
00099336003458,https://s3.amazonaws.com/img.takeoff/manual/20181214-195733-5e7576-816-7531-26150-099336003458.IMG8011.SN5e7576.obj.0.1.jpg,20181214-195733-5e7576-816-7531-26150-099336003458.IMG8011.SN5e7576.obj.0.1.jpg,099336003458
00099336003458,https://s3.amazonaws.com/img.takeoff/manual/20181214-195741-5e7576-816-7531-26151-099336003458.IMG8012.SN5e7576.obj.0.1.jpg,20181214-195741-5e7576-816-7531-26151-099336003458.IMG8012.SN5e7576.obj.0.1.jpg,099336003458
00099336003458,https://s3.amazonaws.com/img.takeoff/manual/20181214-195743-5e7576-816-7531-26152-099336003458.IMG8013.SN5e7576.obj.0.1.jpg,20181214-195743-5e7576-816-7531-26152-099336003458.IMG8013.SN5e7576.obj.0.1.jpg,099336003458
00051817505189,https://s3.amazonaws.com/img.takeoff/manual/20181214-195833-5e7576-816-7532-26153-051817505189.IMG8014.SN5e7576.obj.0.1.jpg,20181214-195833-5e7576-816-7532-26153-051817505189.IMG8014.SN5e7576.obj.0.1.jpg,051817505189
00051817505189,https://s3.amazonaws.com/img.takeoff/manual/20181214-195835-5e7576-816-7532-26154-051817505189.IMG8015.SN5e7576.obj.0.1.jpg,20181214-195835-5e7576-816-7532-26154-051817505189.IMG8015.SN5e7576.obj.0.1.jpg,051817505189
00051817505189,https://s3.amazonaws.com/img.takeoff/manual/20181214-195843-5e7576-816-7532-26155-051817505189.IMG8016.SN5e7576.obj.0.1.jpg,20181214-195843-5e7576-816-7532-26155-051817505189.IMG8016.SN5e7576.obj.0.1.jpg,051817505189
00051817505189,https://s3.amazonaws.com/img.takeoff/manual/20181214-195845-5e7576-816-7532-26156-051817505189.IMG8017.SN5e7576.obj.0.1.jpg,20181214-195845-5e7576-816-7532-26156-051817505189.IMG8017.SN5e7576.obj.0.1.jpg,051817505189
00021500013048,https://s3.amazonaws.com/img.takeoff/manual/20181214-195909-5e7576-816-7533-26157-021500013048.IMG8018.SN5e7576.obj.0.1.jpg,20181214-195909-5e7576-816-7533-26157-021500013048.IMG8018.SN5e7576.obj.0.1.jpg,021500013048
00021500013048,https://s3.amazonaws.com/img.takeoff/manual/20181214-195911-5e7576-816-7533-26158-021500013048.IMG8019.SN5e7576.obj.0.1.jpg,20181214-195911-5e7576-816-7533-26158-021500013048.IMG8019.SN5e7576.obj.0.1.jpg,021500013048
00021500013048,https://s3.amazonaws.com/img.takeoff/manual/20181214-195918-5e7576-816-7533-26159-021500013048.IMG8020.SN5e7576.obj.0.1.jpg,20181214-195918-5e7576-816-7533-26159-021500013048.IMG8020.SN5e7576.obj.0.1.jpg,021500013048
00021500013048,https://s3.amazonaws.com/img.takeoff/manual/20181214-195921-5e7576-816-7533-26160-021500013048.IMG8021.SN5e7576.obj.0.1.jpg,20181214-195921-5e7576-816-7533-26160-021500013048.IMG8021.SN5e7576.obj.0.1.jpg,021500013048
00029000008373,https://s3.amazonaws.com/img.takeoff/manual/20181214-200051-5e7576-816-7534-26161-029000008373.IMG8022.SN5e7576.obj.0.1.jpg,20181214-200051-5e7576-816-7534-26161-029000008373.IMG8022.SN5e7576.obj.0.1.jpg,029000008373
00029000008373,https://s3.amazonaws.com/img.takeoff/manual/20181214-200054-5e7576-816-7534-26162-029000008373.IMG8023.SN5e7576.obj.0.1.jpg,20181214-200054-5e7576-816-7534-26162-029000008373.IMG8023.SN5e7576.obj.0.1.jpg,029000008373
00029000008373,https://s3.amazonaws.com/img.takeoff/manual/20181214-200101-5e7576-816-7534-26163-029000008373.IMG8024.SN5e7576.obj.0.1.jpg,20181214-200101-5e7576-816-7534-26163-029000008373.IMG8024.SN5e7576.obj.0.1.jpg,029000008373
00029000008373,https://s3.amazonaws.com/img.takeoff/manual/20181214-200103-5e7576-816-7534-26164-029000008373.IMG8025.SN5e7576.obj.0.1.jpg,20181214-200103-5e7576-816-7534-26164-029000008373.IMG8025.SN5e7576.obj.0.1.jpg,029000008373
00833911002678,https://s3.amazonaws.com/img.takeoff/manual/20181214-200140-5e7576-816-7535-26165-833911002678.IMG8026.SN5e7576.obj.0.1.jpg,20181214-200140-5e7576-816-7535-26165-833911002678.IMG8026.SN5e7576.obj.0.1.jpg,833911002678
00833911002678,https://s3.amazonaws.com/img.takeoff/manual/20181214-200142-5e7576-816-7535-26166-833911002678.IMG8027.SN5e7576.obj.0.1.jpg,20181214-200142-5e7576-816-7535-26166-833911002678.IMG8027.SN5e7576.obj.0.1.jpg,833911002678
00833911002678,https://s3.amazonaws.com/img.takeoff/manual/20181214-200150-5e7576-816-7535-26167-833911002678.IMG8028.SN5e7576.obj.0.1.jpg,20181214-200150-5e7576-816-7535-26167-833911002678.IMG8028.SN5e7576.obj.0.1.jpg,833911002678
00833911002678,https://s3.amazonaws.com/img.takeoff/manual/20181214-200154-5e7576-816-7535-26168-833911002678.IMG8029.SN5e7576.obj.0.1.jpg,20181214-200154-5e7576-816-7535-26168-833911002678.IMG8029.SN5e7576.obj.0.1.jpg,833911002678
00000075046910,https://s3.amazonaws.com/img.takeoff/manual/20181214-200239-5e7576-816-7536-26169-75046910.IMG8030.SN5e7576.obj.0.1.jpg,20181214-200239-5e7576-816-7536-26169-75046910.IMG8030.SN5e7576.obj.0.1.jpg,75046910
00000075046910,https://s3.amazonaws.com/img.takeoff/manual/20181214-200241-5e7576-816-7536-26170-75046910.IMG8031.SN5e7576.obj.0.1.jpg,20181214-200241-5e7576-816-7536-26170-75046910.IMG8031.SN5e7576.obj.0.1.jpg,75046910
00000075046910,https://s3.amazonaws.com/img.takeoff/manual/20181214-200247-5e7576-816-7536-26171-75046910.IMG8032.SN5e7576.obj.0.1.jpg,20181214-200247-5e7576-816-7536-26171-75046910.IMG8032.SN5e7576.obj.0.1.jpg,75046910
00000075027971,https://s3.amazonaws.com/img.takeoff/manual/20181214-200316-5e7576-816-7537-26172-75027971.IMG8033.SN5e7576.obj.0.1.jpg,20181214-200316-5e7576-816-7537-26172-75027971.IMG8033.SN5e7576.obj.0.1.jpg,75027971
00000075027971,https://s3.amazonaws.com/img.takeoff/manual/20181214-200319-5e7576-816-7537-26173-75027971.IMG8034.SN5e7576.obj.0.1.jpg,20181214-200319-5e7576-816-7537-26173-75027971.IMG8034.SN5e7576.obj.0.1.jpg,75027971
00000075027971,https://s3.amazonaws.com/img.takeoff/manual/20181214-200325-5e7576-816-7537-26174-75027971.IMG8035.SN5e7576.obj.0.1.jpg,20181214-200325-5e7576-816-7537-26174-75027971.IMG8035.SN5e7576.obj.0.1.jpg,75027971
